{"cameraMode":{"drawMode":0,"name":"Shaded","section":"Shading Mode"},"sceneLighting":true,"audioPlay":false,"sceneViewState":{"m_AlwaysRefresh":false,"showFog":true,"showSkybox":true,"showFlares":true,"showImageEffects":true,"showParticleSystems":true,"showVisualEffectGraphs":true,"m_FxEnabled":true},"in2DMode":false,"pivot":{"x":37.731510162353519,"y":15.730316162109375,"z":33.54066467285156},"rotation":{"x":0.2723150849342346,"y":0.6916775107383728,"z":-0.32131364941596987,"w":0.5867927670478821},"size":28.330427169799806,"orthographic":false}