{"cameraMode":{"drawMode":0,"name":"Shaded","section":"Shading Mode"},"sceneLighting":false,"audioPlay":false,"sceneViewState":{"m_AlwaysRefresh":false,"showFog":true,"showSkybox":false,"showFlares":true,"showImageEffects":true,"showParticleSystems":true,"showVisualEffectGraphs":true,"m_FxEnabled":true},"in2DMode":false,"pivot":{"x":200.61196899414063,"y":0.9500852227210999,"z":199.6698760986328},"rotation":{"x":-0.0007004268118180335,"y":0.9937289953231812,"z":-0.007185432594269514,"w":-0.11226502805948258},"size":4.012355327606201,"orthographic":false}